{"transform":[{"x":15.5900001525879,"y":0.0,"z":10.7200002670288},{"x":4.09999990463257,"y":0.0,"z":12.6800003051758}],"name":"SapphiArtchan(Clone)"}