{"blood":100.0,"hurt":25.0,"x":4.91000366210938,"y":0.0,"z":1.38999998569489}