{"blood":50.0,"hurt":25.0,"path":"Model/Player/SapphiArtchan","x":5.19476747512817,"y":0.0792151689529419,"z":9.54617214202881}