{"blood":100.0,"hurt":25.0,"path":"Model/Player/KadukiSailorSuitBlackHair","x":9.2048807144165,"y":0.07904052734375,"z":4.22020483016968}