{"blood":50.0,"hurt":25.0,"path":"Model/Player/KadukiSailorSuitBlackHair","x":11.4726552963257,"y":0.0800000429153442,"z":8.14717102050781}